keyword,position,url
how does a mini split work,0,https://www.hgtv.com/design/remodel/mechanical-systems/how-ductless-air-conditioners-work
 ,1,https://www.homedepot.com/c/ab/how-do-ductless-air-conditioners-work/9ba683603be9fa5395fab904822508f
 ,2,https://learnmetrics.com/how-does-a-mini-split-work/
 ,3,https://www.fujitsu-general.com/us/residential/what-is-a-mini-split.html
 ,4,https://sealed.com/resources/how-do-mini-splits-work/
 ,5,https://www.pioneerminisplit.com/blogs/news/how-ductless-mini-split-systems-work
 ,6,https://jamcoheatingandair.com/how-does-a-ductless-mini-split-system-work/
 ,7,https://www.airplusair.com/blog/2022/august/how-does-a-mini-split-air-conditioner-system-wor/
eer vs seer,0,https://www.sylvane.com/eer-vs-seer.html
 ,1,https://whitemechanical.com/eer-vs-seer/
 ,2,https://www.aireonekw.ca/blog/whats-the-difference-between-seer-eer-and-ceer
 ,3,https://teamenoch.com/blog/seer-vs-eer-ratings-knowing-the-difference/
 ,4,https://servicechampions.com/blog/difference-between-eer-and-seer/
 ,5,https://phyxter.ai/blog/eer-vs-seer
 ,6,https://hvacexperts-tx.com/2020/01/28/seer-vs-eer/
 ,7,https://sandium.com/eer-vs-seer-a-short-guide/
 ,8,https://en.wikipedia.org/wiki/Seasonal_energy_efficiency_ratio
 ,9,https://www.tosotdirect.com/blogs/life-well-lived/eer-seer-ceer-what-are-they
hspf rating,0,https://www.lennox.com/buyers-guide/guide-to-hvac/glossary/heating-seasonal-performance-factor-hspf
 ,1,https://jacobsheating.com/blog/hspf-rating/
 ,2,https://www.trane.com/residential/en/resources/glossary/what-is-hspf/
 ,3,https://www.energysage.com/heat-pumps/what-is-hspf/
 ,4,https://en.wikipedia.org/wiki/Heating_seasonal_performance_factor
 ,5,https://www.familyhandyman.com/article/what-to-know-about-hspf-ratings/
 ,6,https://cielowigle.com/blog/hspf-rating/
 ,7,https://www.hvac.com/expert-advice/what-is-hspf/
 ,8,https://callapollo.com/afue-seer-and-hspf-ratings-explained/
 ,9,https://www.goodmanmfg.com/resources/hvac-learning-center/before-you-buy/what-hspf-means-for-you
is 72Â°C ideal temperature for air conditioning,0,https://diamondblueair.com/is-72-a-good-temperature-for-air-conditioning/
 ,1,https://www.resheatandair.com/blog/air-conditioning-service/is-72-good-temperature-air-conditioning/
 ,2,https://www.bloomingtonheating.com/what-temperature-should-my-ac-be-set-to-in-summer/
 ,3,https://www.quora.com/Is-72-a-good-temperature-for-air-conditioning
 ,4,https://www.reddit.com/r/NorthCarolina/comments/v09tho/what_temperature_do_you_keep_your_houses_ac_set/
 ,5,https://www.electronicshub.org/is-72-a-ideal-temperature-for-air-conditioning/
 ,6,https://taraenergy.com/blog/what-temperature-should-i-set-my-air-conditioner-in-summer/
 ,7,https://njrefrigeration.com/is-72-a-good-temperature-for-air-conditioning/
 ,8,https://www.hvac.com/expert-advice/what-temperature-should-i-set-my-air-conditioner-to-in-summer/
 ,9,https://www.airquipheating.com/article.cfm%3FArticleNumber%3D72
increase airflow to one room,0,https://andersonair.com/how-to-increase-airflow-to-one-specific-room/
 ,1,https://www.electronicshub.org/increase-airflow-to-one-room/
 ,2,https://www.quora.com/The-farthest-room-in-my-house-doesnt-get-much-air-What-can-I-do-to-my-HVAC-system-to-increase-the-output-or-airflow-to-a-specific-room
 ,3,https://www.reddit.com/r/HomeImprovement/comments/v2us9v/how_do_you_increase_the_ac_airflow_to_one_room/
 ,4,https://learnmetrics.com/how-to-increase-airflow-to-one-room/
 ,5,https://www.supertechhvac.com/air-balance-how-to-fix-hot-and-cold-spots-in-home/
 ,6,https://www.wikihow.com/Create-Airflow-in-a-Room
 ,7,https://www.realsimple.com/how-to-improve-airflow-indoors-7510317
 ,8,https://ecwaters.com/article/5-ways-to-improve-airflow-in-your-home
 ,9,https://verywellhome.com/how-to-increase-airflow-to-one-room/
How long can ac run continuously,0,https://qualitycool.com/what-happens-if-my-air-conditioner-runs-for-24-hours-straight/
 ,1,https://hoffheating.com/how-long-can-an-ac-run-continuously/
 ,2,https://tylersheatingandcooling.com/is-it-safe-to-let-your-ac-unit-run-continuously/
 ,3,https://www.quora.com/For-how-many-hours-can-I-use-air-conditioner-continuously-If-it-runs-for-10-hours-will-it-shows-any-bad-effect-to-us-or-to-itself
 ,4,https://bashheating.com/how-many-hours-can-an-ac-run-continuously/
 ,5,https://www.electronicshub.org/how-long-can-ac-run-continuously/
 ,6,https://www.professionalservicestoday.com/how-many-hours-ac-run-per-day
 ,7,https://www.drhvac.ca/blog/should-my-air-conditioner-run-all-the-time/
 ,8,https://brownshvac.net/how-long-can-an-ac-run-continuously/
how to vent a portable ac without a window,0,https://www.globalheatingairconditioning.com/blog/vent-portable-ac-without-window/
 ,1,https://www.electronicshub.org/how-to-vent-a-portable-ac-without-a-window/
 ,2,https://americanhomewater.com/how-to-vent-a-portable-air-conditioner-without-a-window/
 ,3,https://diy.stackexchange.com/questions/62136/how-can-i-vent-a-portable-air-conditioner-when-theres-no-window
 ,4,https://www.quora.com/Can-I-use-a-portable-AC-without-a-window-kit
 ,5,https://www.yourbestdigs.com/do-portable-acs-have-to-vent-out-windows/
 ,6,https://learnmetrics.com/how-to-vent-a-portable-air-conditioner-without-a-window/
 ,7,https://www.ducting.com/portable-air-conditioner-vent-window/
 ,8,https://www.gadgetreview.com/how-to-vent-portable-air-conditioner-without-window
best air compressor,0,https://www.bhg.com/best-air-compressors-7507343
 ,1,https://www.protoolreviews.com/best-air-compressor-reviews/
 ,2,https://www.caranddriver.com/car-accessories/g44267837/best-portable-air-compressors-tested/
 ,3,https://www.reddit.com/r/Tools/comments/z1yb2z/best_garage_air_compressor/
 ,4,https://www.autoguide.com/best-air-compressor
 ,5,https://www.woodsmith.com/review/best-air-compressor/
 ,6,https://www.thisoldhouse.com/tools/22712752/best-air-compressor
 ,7,https://www.bobvila.com/articles/best-air-compressor-for-home-garage/
 ,8,https://www.garagejournal.com/forum/threads/best-air-compressor.445511/
best 20 gallon air compressors,0,https://www.homedepot.com/b/Tools-Air-Compressor-Tools-Air-Compressors-Portable-Air-Compressors/20-Gal/N-5yc1vZc9pnZ1z1dl33
 ,1,https://www.amazon.com/20-gallon-air-compressor/s%3Fk%3D20%2Bgallon%2Bair%2Bcompressor
 ,2,https://www.thedrive.com/reviews/40442/20-gallon-air-compressor
 ,3,https://www.stealthcompressors.com/product/saq-12018/
 ,4,https://www.outdoorhappens.com/best-20-gallon-air-compressor-review/
 ,5,https://toolminer.com/best-20-gallon-air-compressor/
 ,6,https://www.aircompressorsdirect.com/tools/20-gallon-quiet-air-compressors.html
 ,7,https://www.quora.com/What-is-the-best-20-30-gallon-air-compressor
best air compressor for home garage,0,https://www.thomasnet.com/articles/machinery-tools-supplies/best-air-compressors-for-home-garage/
 ,1,https://www.protoolreviews.com/best-air-compressor-for-home-garage/
 ,2,https://www.bobvila.com/articles/best-air-compressor-for-home-garage/
 ,3,https://www.reddit.com/r/Tools/comments/z1yb2z/best_garage_air_compressor/
 ,4,https://www.autoguide.com/best-air-compressor
 ,5,https://www.bhg.com/best-air-compressors-7507343
 ,6,https://www.forbes.com/home-improvement/garage/car-accessories/portable-air-compressors/
 ,7,https://www.thisoldhouse.com/tools/22712752/best-air-compressor
 ,8,https://www.electronicshub.org/best-air-compressor-for-home-garage/
best air hose,0,https://www.woodsmith.com/review/best-air-hose/
 ,1,https://www.homedepot.com/b/Tools-Air-Compressor-Tools-Air-Compressor-Parts-Accessories-Air-Hoses/Best-Rated/N-5yc1vZc9nnZbwo5q
 ,2,https://www.amazon.com/Best-Sellers-Air-Tool-Hoses/zgbs/hi/552280
 ,3,https://www.garagejournal.com/forum/threads/best-air-hose.478304/
 ,4,https://www.reddit.com/r/Tools/comments/144qrop/air_hose_recommendations/
 ,5,https://www.bobvila.com/articles/air-compressor-hose/
 ,6,https://www.electronicshub.org/best-air-compressor-hose/
 ,7,https://www.centralpneumaticaircompressors.com/what-type-of-air-compressor-hose-is-best/
best off road air compressor,0,https://www.overlandexpo.com/compass/gear-collections-air-compressors/
 ,1,https://www.amazon.com/offroad-air-compressor/s%3Fk%3Doffroad%2Bair%2Bcompressor
 ,2,https://morrflate.com/shop/air-sources/portable-compressors/morrflate-tensix-portable-12v-off-road-air-compressor/
 ,3,https://expeditionportal.com/forum/threads/best-cheap-air-compressor-for-tire-inflation-at-the-trail-head.231356/
 ,4,https://www.reddit.com/r/Offroad/comments/113hyhe/portable_air_compressor/
 ,5,https://www.mortonsonthemove.com/off-road-air-compressor/
 ,6,https://www.ordealist.com/guide-off-road-air-compressors/
 ,7,https://www.electronicshub.org/best-off-road-air-compressor/
 ,8,https://www.cjcoffroad.com/collections/portable-compressors
best 30 gallon air compressor,0,https://www.electronicshub.org/best-30-gallon-air-compressors/
 ,1,https://www.amazon.com/30-gallon-air-compressor/s%3Fk%3D30%2Bgallon%2Bair%2Bcompressor
 ,2,https://www.garagejournal.com/forum/threads/30-gallon-portable-vertical-compressor-analysis-paralysis.461584/
 ,3,https://www.homedepot.com/b/Tools-Air-Compressor-Tools-Air-Compressors-Portable-Air-Compressors/30-Gal/N-5yc1vZc9pnZ1z1dl2n
 ,4,https://www.aircompressorsdirect.com/tools/30-gallon-portable-air-compressors.html
 ,5,https://toolminer.com/best-30-gallon-air-compressor/
 ,6,https://www.lowes.com/pl/30-Gallon-Tank-Capacity--Air-compressors-Air-tools-compressors-Tools/2911831268%3Frefinement%3D4294591683
 ,7,https://aircompressorsusa.com/30-gallon-air-compressors/
 ,8,https://www.protoolreviews.com/best-air-compressor-for-home-garage/
best pancake air compressor,0,https://www.woodsmith.com/review/pancake-air-compressor/
 ,1,https://www.protoolreviews.com/best-air-compressor-reviews/
 ,2,https://www.reddit.com/r/Tools/comments/14hr09r/best_pancake_or_smaller_air_compressor/
 ,3,https://www.garagejournal.com/forum/threads/top-4-or-so-pancake-air-compressors.376780/
 ,4,https://www.electronicshub.org/best-pancake-air-compressors/
 ,5,https://www.thisoldhouse.com/tools/22712752/best-air-compressor
 ,6,https://realtooltalk.com/best-pancake-air-compressor/
 ,7,https://www.familyhandyman.com/list/best-air-compressors/
 ,8,https://housegrail.com/best-pancake-air-compressors/
best 60 gallon air compressors,0,https://www.thedrive.com/guides-and-gear/best-60-gallon-air-compressors
 ,1,https://www.electronicshub.org/best-60-gallon-air-compressors/
 ,2,https://www.aircompressorsdirect.com/stories/663-Top-Rated-and-Best-Selling-Single-Stage-Compressors.html
 ,3,https://www.garagejournal.com/forum/threads/please-school-me-on-60-gallon-air-compressors.402341/
 ,4,https://www.homedepot.com/b/Tools-Air-Compressor-Tools-Air-Compressors/60-Gal/N-5yc1vZc27pZ1z1dla2
 ,5,https://toolminer.com/best-60-gallon-air-compressor/
best 12 volt air compressor,0,https://campaddict.com/12-volt-air-compressor/
 ,1,https://gearjunkie.com/motors/best-portable-tire-air-compressors
 ,2,https://www.garagejournal.com/forum/threads/who-makes-a-good-12-volt-compressor.499892/
 ,3,https://www.reddit.com/r/VEDC/comments/65sgv5/looking_for_a_good_12v_compressor/
 ,4,https://www.caranddriver.com/car-accessories/g42589683/best-portable-tire-inflators-tested/
 ,5,https://liveworkdream.com/2019/03/13/best-dc-air-compressor/
 ,6,https://www.thedrive.com/reviews/40444/12-volt-air-compressor
 ,7,https://housegrail.com/best-12v-air-compressors/
best shop air compressors,0,https://www.protoolreviews.com/best-air-compressor-reviews/
 ,1,https://www.aircompressorsdirect.com/stories/664-Top-Rated-and-Best-Selling-Two-Stage-Compressors.html
 ,2,https://www.thomasnet.com/articles/machinery-tools-supplies/best-air-compressors-for-home-garage/
 ,3,https://www.reddit.com/r/Tools/comments/z1yb2z/best_garage_air_compressor/
 ,4,https://www.homedepot.com/b/Tools-Air-Compressor-Tools-Air-Compressors-Stationary-Air-Compressors/Best-Rated/N-5yc1vZc9piZbwo5q
 ,5,https://www.woodsmith.com/review/best-vertical-air-compressor/
 ,6,https://www.bhg.com/best-air-compressors-7507343
 ,7,https://www.autoguide.com/best-air-compressor
best 110v portable air compressor,0,https://www.amazon.com/110V-Air-Compressor/s%3Fk%3D110V%2BAir%2BCompressor
 ,1,https://www.caranddriver.com/car-accessories/g44267837/best-portable-air-compressors-tested/
 ,2,https://www.homedepot.com/b/Tools-Air-Compressor-Tools-Air-Compressors/110v/N-5yc1vZc27pZ1z18trr
 ,3,https://www.electronicshub.org/best-portable-air-compressor/
 ,4,https://www.lowes.com/pl/110-Volt--Air-compressors-Air-tools-compressors-Tools/2911831268%3Frefinement%3D4294570850
 ,5,https://www.thedrive.com/reviews/26996/best-110v-air-compressors
 ,6,https://www.autoguide.com/best-air-compressor
 ,7,https://www.protoolreviews.com/best-air-compressor-for-home-garage/
